##################################################
##################################################
##############
##############  	WARNING 
############## This file is automatically generated
############## at date Tue Dec  3 16:20:40 GMT 1991 
############## on host lancaster
##############
##################################################
##################################################
/I=A/S=Young/:alias "/I=A/S=Young/OU=bigears/O=Concurrent Computer Corporation/PRMD=CCUR/ADMD=ATTMAIL/C=ZZ/" x400
joe.soap:alias joe@rigel.xtel.co.uk 822
swproof:alias /S=proof/O=SW/PRMD=WIZARDS/ADMD=ITALY/C=IT/ x400

postmaster:alias jpo
postperson:alias jpo
postie:alias jpo
isode:alias jpo
root:alias jpo
X:alias jpo
ftp-owner:alias jpo

quipu:alias cjr

faxmaster:alias p.cowen

#misc alias

daemon:alias postmaster
support:alias xtel
empirica:alias /ATTN=Simon\ Robinson\ and\ Werner\ Korte/FAX=empirica/S=fax/ x400
greatbelt:alias /ATTN=Simon\ Gjedde/FAX=greatbelt/S=fax/ x400
# list synonyms

xtel-outbound:synonym xtel
jnt-pp-support:synonym jnt-pp
jnt-ds-support:synonym jnt-quipu
x.500:synonym x500
gb-directory-pilot:synonym gb-dir-pilot
uk-directory-pilot:synonym gb-dir-pilot
uk-dir-pilot:synonym gb-dir-pilot
x-tel:synonym xtel

# list requests
pp-course-request:alias a.whitaker

jnt-quipu-request:alias c.robbins
jnt-pp-request:alias c.robbins
xtel2-request:alias c.robbins
directory-pilot-request:alias c.robbins
isode-steering-request:alias c.robbins
x500-request:alias c.robbins
dl-test-request:alias c.robbins
gb-dir-pilot-request:alias c.robbins
bug-isode-request:alias c.robbins
isode-beta-request:alias j.onions
isode-dist-request:alias j.onions
xua-users-request:alias g.lunt
eurocoop-request:alias a.shepherd
a.monitor:synonym ActivityMonitor
actmon:synonym ActivityMonitor
am:synonym ActivityMonitor

XUA-support-request:alias g.lunt
xconfer-request:alias g.lunt

test-list-request:alias p.cowen

wp3-request:alias h.smith

xtel-request:alias jpo

# lists we don't have - but people think we do...
pp-support:synonym pp-support@cs.ucl.ac.uk 822
pp-people:synonym pp-people@cs.ucl.ac.uk 822
quipu-support:synonym quipu-support@cs.ucl.ac.uk 822
quipu:synonym quipu@cs.ucl.ac.uk 822

ontos-users-request:alias a.shepherd

# personal synonyms

pp:synonym P.Pat
postman.pat: synonym P.Pat

julian:synonym j.onions
julian.Onions:synonym j.onions
jpo:synonym j.onions
onions:synonym j.onions

graeme:synonym g.lunt
graeme.lunt:synonym g.lunt
gal:synonym g.lunt
g.lunt-request:synonym g.a.lunt
lunt:synonym g.lunt

nlc:synonym n.cook
neil:synonym n.cook
neil.cook:synonym n.cook
cook:synonym n.cook
n.cook-request:synonym n.l.cook

tony:synonym a.roadknight
Anthony.Roadknight:synonym a.roadknight
tony.Roadknight:synonym a.roadknight
t.Roadknight:synonym a.roadknight
avr:synonym a.roadknight
a.roadknight-request:synonym a.v.roadknight
roadknight:synonym a.roadknight

colin:synonym c.robbins
colin.robbins:synonym c.robbins
crobbins:synonym C.Robbins
cjr:synonym c.robbins
robbins:synonym c.robbins
robins:synonym c.robbins
c.robins:synonym c.robins

antonia:synonym a.whitaker
antonia.whitaker:synonym a.whitaker
whitaker:synonym a.whitaker
whittaker:synonym a.whitaker
a.whittaker:synonym a.whittaker

pete.cowen:synonym p.cowen
peter.cowen:synonym p.cowen
pete.cowan:synonym p.cowen
peter.cowan:synonym p.cowen
pete:synonym p.cowen
pac:synonym p.cowen
cowen:synonym p.cowen
cowan:synonym p.cowen
cohen:synonym p.cowen
p.cohen:synonym p.cohen
p.cowan:synonym p.cowen
p.cowen:synonym p.cowen@x400.xtel.co.uk 822

pip:synonym p.hennessy
pippa:synonym p.hennessy
pah:synonym p.hennessy
pip.hennessy:synonym p.hennessy
pippa.hennessy:synonym p.hennessy
p.hennessy-request:synonym p.a.hennessy
hennessy:synonym p.hennessy

jason:synonym j.kitchen
jason.kitchen:synonym j.kitchen
kitchen:synonym j.kitchen
j.kitchen-request:synonym j.p.kitchen

M.Roe:synonym mrr@cl.cam.ac.uk 822
mrr:synonym M.Roe
mike.roe:synonym M.Roe

aworsley:synonym a.worsley
andrew.worsley:synonym a.worsley

h.smith:synonym hugh
hugh.smith:synonym hugh
hsmith:synonym hugh
hugh-request:synonym hts
smith:synonym hugh

ashepherd:synonym a.shepherd
gas:synonym a.shepherd

# redirects

#p.hennessy:alias p.hennessy@cs.nott.ac.uk 822

a.worsley:alias worsley@ditmela.oz.au 822

#hts:alias hugh@cs.nott.ac.uk 822

# w.prinz:alias prinz@f3.gmd.dbp.de 822

