##################################################
##################################################
##############
##############  	WARNING 
############## This file is automatically generated
############## at date Wed Dec 18 08:34:19 GMT 1991 
############## on host lancaster
##############
##################################################
##################################################
bigears.concurrent.co.zz:local
uk:valid
# us
xtel.co.uk:norm+mta=xtel.co.uk local
xtel.co:norm+mta=xtel.co.uk local
xtel:norm+mta=xtel.co.uk local
xtel.uucp:norm+mta=xtel.co.uk local
lancaster.xtel.co.uk:norm+mta=xtel.co.uk local
lancaster.xtel.co:norm+mta=xtel.co.uk local
lancaster.xtel:norm+mta=xtel.co.uk local
lancaster:norm+mta=xtel.co.uk local
vulcan.xtel.co.uk:synonym=xtel.co.uk
vulcan.xtel.co:synonym=xtel.co.uk
vulcan.xtel:synonym=xtel.co.uk
vulcan:synonym=xtel.co.uk
spitfire.xtel.co.uk:synonym=xtel.co.uk
spitfire.xtel.co:synonym=xtel.co.uk
spitfire.xtel:synonym=xtel.co.uk
spitfire:synonym=xtel.co.uk
hurricane.xtel.co.uk:synonym=xtel.co.uk
hurricane.xtel.co:synonym=xtel.co.uk
hurricane.xtel:synonym=xtel.co.uk
hurricane:synonym=xtel.co.uk
vampire.xtel.co.uk:synonym=xtel.co.uk
vampire.xtel.co:synonym=xtel.co.uk
vampire.xtel:synonym=xtel.co.uk
vampire:synonym=xtel.co.uk
meteor.xtel.co.uk:synonym=xtel.co.uk
meteor.xtel.co:synonym=xtel.co.uk
meteor.xtel:synonym=xtel.co.uk
meteor:synonym=xtel.co.uk
lightning.xtel.co.uk:synonym=xtel.co.uk
lightning.xtel.co:synonym=xtel.co.uk
lightning.xtel:synonym=xtel.co.uk
lightning:synonym=xtel.co.uk
typhoon.xtel.co.uk:synonym=xtel.co.uk
typhoon.xtel.co:synonym=xtel.co.uk
typhoon.xtel:synonym=xtel.co.uk
typhoon:synonym=xtel.co.uk
tornado.xtel.co.uk:synonym=xtel.co.uk
tornado.xtel.co:synonym=xtel.co.uk
tornado.xtel:synonym=xtel.co.uk
tornado:synonym=xtel.co.uk
dornier.xtel.co.uk:norm+mta=dornier.xtel.co.uk
dornier.xtel.co:norm+mta=dornier.xtel.co.uk
dornier.xtel:norm+mta=dornier.xtel.co.uk
dornier:norm+mta=dornier.xtel.co.uk
x400.xtel.co.uk:norm+mta local=x400-developers
x400.xtel.co:norm+mta=x400.xtel.co.uk local=x400-developers
x400.xtel:norm+mta=x400.xtel.co.uk local=x400-developers
x400:norm+mta=x400.xtel.co.uk local=x400-developers
fax.xtel.co.uk:norm+mta=fax.xtel.co.uk
fax.xtel.co:norm+mta=fax.xtel.co.uk
fax.xtel:norm+mta=fax.xtel.co.uk
fax:norm+mta=fax.xtel.co.uk
cs-nott:synonym=cs.nott.ac.uk
nottcs:synonym=cs.nott.ac.uk
csnott:synonym=cs.nott.ac.uk
nott-cs:synonym=cs.nott.ac.uk
uucp.cs:synonym=cs.nott.ac.uk
computer-science:synonym=cs.nott.ac.uk
compsci:synonym=cs.nott.ac.uk
crg.cs.nott.ac.uk:synonym=cs.nott.ac.uk
crg.cs.nott.ac:synonym=cs.nott.ac.uk
crg.cs.nott:synonym=cs.nott.ac.uk
crg.cs:synonym=cs.nott.ac.uk
crg.computer-science.nottingham.ac.uk:synonym=cs.nott.ac.uk
crg.computer-science.nottingham.ac:synonym=cs.nott.ac.uk
crg.computer-science.nottingham:synonym=cs.nott.ac.uk
# other local people
much.cs.nott.ac.uk:synonym=cs.nott.ac.uk
much.cs.nott.ac:synonym=cs.nott.ac.uk
much.cs.nott:synonym=cs.nott.ac.uk
much.cs:synonym=cs.nott.ac.uk
much:synonym=cs.nott.ac.uk
little:synonym=cs.nott.ac.uk
marian:synonym=cs.nott.ac.uk
dir.nott.ac.uk:norm+mta=dir.nott.ac.uk
dir.nott.ac:norm+mta=dir.nott.ac.uk
dir.nott:norm+mta=dir.nott.ac.uk
dir:norm+mta=dir.nott.ac.uk
dir1.xtel.co.uk:norm+mta=dir1.xtel.co.uk
dir1.xtel.co:norm+mta=dir1.xtel.co.uk
dir1.xtel:norm+mta=dir1.xtel.co.uk
dir1:norm+mta=dir1.xtel.co.uk
# psychology
rpsyc.nott.ac.uk:norm+mta=rpsyc.nott.ac.uk
rpsyc.nott.ac:norm+mta=rpsyc.nott.ac.uk
rpsyc.nott:norm+mta=rpsyc.nott.ac.uk
rpsyc:norm+mta=rpsyc.nott.ac.uk
tpsyc.nott.ac.uk:norm+mta=tpsyc.nott.ac.uk
tpsyc.nott.ac:norm+mta=tpsyc.nott.ac.uk
tpsyc.nott:norm+mta=tpsyc.nott.ac.uk
tpsyc:norm+mta=tpsyc.nott.ac.uk
# others
*.uucp:mta=uucp
bells.cs.ucl.ac.uk:norm+mta=bells.cs.ucl.ac.uk
bells.cs.ucl.ac:norm+mta=bells.cs.ucl.ac.uk
bells.cs.ucl:norm+mta=bells.cs.ucl.ac.uk
talisker.cs.ucl.ac.uk:norm+mta=talisker.cs.ucl.ac.uk
talisker.cs.ucl.ac:norm+mta=talisker.cs.ucl.ac.uk
talisker.cs.ucl:norm+mta=talisker.cs.ucl.ac.uk

#
*.hk:mta=hk
*.jp:mta=jp
*.il:mta=il
*.is:mta=is
#*.cs:mta=cs
*.br:mta=br
*.in:mta=in
*.gr:mta=gr
#*.mel.dit.csiro.au:norm+mta=mel.dit.csiro.au
mel.dit.csiro.au:valid
#*.au:valid


capricornia.edu.au:norm+mta=capricornia.edu.au
capricornia.edu.au:norm+mta=capricornia.edu.au
flinders.edu.au:norm+mta=flinders.edu.au
flinders.edu.au:norm+mta=flinders.edu.au
qut.edu.au:norm+mta=qut.edu.au
qut.edu.au:norm+mta=qut.edu.au
uq.edu.au:norm+mta=uq.edu.au
uq.edu.au:norm+mta=uq.edu.au
uqkl10.uq.edu.au:norm+mta=uqkl10.uq.edu.au
uqkl10.uq.edu.au:norm+mta=uqkl10.uq.edu.au
uqvax.uq.edu.au:norm+mta=uqvax.uq.edu.au
uqvax.uq.edu.au:norm+mta=uqvax.uq.edu.au
wombat.uq.edu.au:norm+mta=wombat.uq.edu.au
wombat.uq.edu.au:norm+mta=wombat.uq.edu.au
utas.edu.au:norm+mta=utas.edu.au
utas.edu.au:norm+mta=utas.edu.au
ibm.cern.ch:norm+mta=ibm.cern.ch
ibm.cern.ch:norm+mta=ibm.cern.ch
index.cern.ch:norm+mta=index.cern.ch
index.cern.ch:norm+mta=index.cern.ch
pad3.cern.ch:norm+mta=pad3.cern.ch
pad3.cern.ch:norm+mta=pad3.cern.ch
uxnmc.cern.ch:norm+mta=uxnmc.cern.ch
uxnmc.cern.ch:norm+mta=uxnmc.cern.ch
vxisol.cern.ch:norm+mta=vxisol.cern.ch
vxisol.cern.ch:norm+mta=vxisol.cern.ch
vxalfb.cern.ch:norm+mta=vxalfb.cern.ch
vxalfb.cern.ch:norm+mta=vxalfb.cern.ch
vxbssy.cern.ch:norm+mta=vxbssy.cern.ch
vxbssy.cern.ch:norm+mta=vxbssy.cern.ch
vxcrnb.cern.ch:norm+mta=vxcrnb.cern.ch
vxcrnb.cern.ch:norm+mta=vxcrnb.cern.ch
vxcrna.cern.ch:norm+mta=vxcrna.cern.ch
vxcrna.cern.ch:norm+mta=vxcrna.cern.ch
vxgift.cern.ch:norm+mta=vxgift.cern.ch
vxgift.cern.ch:norm+mta=vxgift.cern.ch
vxl3.cern.ch:norm+mta=vxl3.cern.ch
vxl3.cern.ch:norm+mta=vxl3.cern.ch
vxmerl.cern.ch:norm+mta=vxmerl.cern.ch
vxmerl.cern.ch:norm+mta=vxmerl.cern.ch
cernvm.cern.ch:norm+mta=cernvm.cern.ch
cernvm.cern.ch:norm+mta=cernvm.cern.ch
cithex.cern.ch:norm+mta=cithex.cern.ch
cithex.cern.ch:norm+mta=cithex.cern.ch
cmuhep.cern.ch:norm+mta=cmuhep.cern.ch
cmuhep.cern.ch:norm+mta=cmuhep.cern.ch
huhepl.cern.ch:norm+mta=huhepl.cern.ch
huhepl.cern.ch:norm+mta=huhepl.cern.ch
jhuphep.cern.ch:norm+mta=jhuphep.cern.ch
jhuphep.cern.ch:norm+mta=jhuphep.cern.ch
mich.cern.ch:norm+mta=mich.cern.ch
mich.cern.ch:norm+mta=mich.cern.ch
mitlns.cern.ch:norm+mta=mitlns.cern.ch
mitlns.cern.ch:norm+mta=mitlns.cern.ch
norhep.cern.ch:norm+mta=norhep.cern.ch
norhep.cern.ch:norm+mta=norhep.cern.ch
vxl3mu.cern.ch:norm+mta=vxl3mu.cern.ch
vxl3mu.cern.ch:norm+mta=vxl3mu.cern.ch
vxl3td.cern.ch:norm+mta=vxl3td.cern.ch
vxl3td.cern.ch:norm+mta=vxl3td.cern.ch
vxna31.cern.ch:norm+mta=vxna31.cern.ch
vxna31.cern.ch:norm+mta=vxna31.cern.ch
vxp173.cern.ch:norm+mta=vxp173.cern.ch
vxp173.cern.ch:norm+mta=vxp173.cern.ch
prinhep.cern.ch:norm+mta=prinhep.cern.ch
prinhep.cern.ch:norm+mta=prinhep.cern.ch
ndua6.cern.ch:norm+mta=ndua6.cern.ch
ndua6.cern.ch:norm+mta=ndua6.cern.ch
cernvmp.cern.ch:norm+mta=cernvmp.cern.ch
cernvmp.cern.ch:norm+mta=cernvmp.cern.ch
cernvmlm.cern.ch:norm+mta=cernvmlm.cern.ch
cernvmlm.cern.ch:norm+mta=cernvmlm.cern.ch
cernvmfs.cern.ch:norm+mta=cernvmfs.cern.ch
cernvmfs.cern.ch:norm+mta=cernvmfs.cern.ch
padp.desy:norm+mta=padp.desy
padp.desy:norm+mta=padp.desy
wnv.dsir.govt.nz:norm+mta=wnv.dsir.govt.nz
wnv.dsir.govt.nz:norm+mta=wnv.dsir.govt.nz
wmv.dsir.govt.nz:norm+mta=wmv.dsir.govt.nz
wmv.dsir.govt.nz:norm+mta=wmv.dsir.govt.nz
akv.dsir.govt.nz:norm+mta=akv.dsir.govt.nz
akv.dsir.govt.nz:norm+mta=akv.dsir.govt.nz
amv.dsir.govt.nz:norm+mta=amv.dsir.govt.nz
amv.dsir.govt.nz:norm+mta=amv.dsir.govt.nz
pnv.dsir.govt.nz:norm+mta=pnv.dsir.govt.nz
pnv.dsir.govt.nz:norm+mta=pnv.dsir.govt.nz
pmv.dsir.govt.nz:norm+mta=pmv.dsir.govt.nz
pmv.dsir.govt.nz:norm+mta=pmv.dsir.govt.nz
grv.dsir.govt.nz:norm+mta=grv.dsir.govt.nz
grv.dsir.govt.nz:norm+mta=grv.dsir.govt.nz
gfv.dsir.govt.nz:norm+mta=gfv.dsir.govt.nz
gfv.dsir.govt.nz:norm+mta=gfv.dsir.govt.nz
gmv.dsir.govt.nz:norm+mta=gmv.dsir.govt.nz
gmv.dsir.govt.nz:norm+mta=gmv.dsir.govt.nz
chv.dsir.govt.nz:norm+mta=chv.dsir.govt.nz
chv.dsir.govt.nz:norm+mta=chv.dsir.govt.nz
cmv.dsir.govt.nz:norm+mta=cmv.dsir.govt.nz
cmv.dsir.govt.nz:norm+mta=cmv.dsir.govt.nz
aberdeen.ac.uk:norm+mta=aberdeen.ac.uk
aberdeen.ac:norm+mta=aberdeen.ac.uk
aberdeen:norm+mta=aberdeen.ac.uk
abdn.ac.uk:norm+mta=aberdeen.ac.uk
abdn.ac:norm+mta=aberdeen.ac.uk
abdn:norm+mta=aberdeen.ac.uk
admin.aberdeen.ac.uk:norm+mta=admin.aberdeen.ac.uk
admin.aberdeen.ac:norm+mta=admin.aberdeen.ac.uk
admin.aberdeen:norm+mta=admin.aberdeen.ac.uk
admin.abdn.ac.uk:norm+mta=admin.aberdeen.ac.uk
admin.abdn.ac:norm+mta=admin.aberdeen.ac.uk
admin.abdn:norm+mta=admin.aberdeen.ac.uk
bio-medical-physics.aberdeen.ac.uk:norm+mta=bio-medical-physics.aberdeen.ac.uk
bio-medical-physics.aberdeen.ac:norm+mta=bio-medical-physics.aberdeen.ac.uk
bio-medical-physics.aberdeen:norm+mta=bio-medical-physics.aberdeen.ac.uk
biomed.abdn.ac.uk:norm+mta=bio-medical-physics.aberdeen.ac.uk
biomed.abdn.ac:norm+mta=bio-medical-physics.aberdeen.ac.uk
biomed.abdn:norm+mta=bio-medical-physics.aberdeen.ac.uk
computing-science.aberdeen.ac.uk:norm+mta=computing-science.aberdeen.ac.uk
computing-science.aberdeen.ac:norm+mta=computing-science.aberdeen.ac.uk
computing-science.aberdeen:norm+mta=computing-science.aberdeen.ac.uk
csd.abdn.ac.uk:norm+mta=computing-science.aberdeen.ac.uk
csd.abdn.ac:norm+mta=computing-science.aberdeen.ac.uk
csd.abdn:norm+mta=computing-science.aberdeen.ac.uk
comp-science.aberdeen.ac.uk:norm+mta=comp-science.aberdeen.ac.uk
comp-science.aberdeen.ac:norm+mta=comp-science.aberdeen.ac.uk
comp-science.aberdeen:norm+mta=comp-science.aberdeen.ac.uk
cs.abdn.ac.uk:norm+mta=comp-science.aberdeen.ac.uk
cs.abdn.ac:norm+mta=comp-science.aberdeen.ac.uk
cs.abdn:norm+mta=comp-science.aberdeen.ac.uk
erg.aberdeen.ac.uk:norm+mta=erg.aberdeen.ac.uk
erg.aberdeen.ac:norm+mta=erg.aberdeen.ac.uk
erg.aberdeen:norm+mta=erg.aberdeen.ac.uk
erg.abdn.ac.uk:norm+mta=erg.aberdeen.ac.uk
erg.abdn.ac:norm+mta=erg.aberdeen.ac.uk
erg.abdn:norm+mta=erg.aberdeen.ac.uk
kc.aberdeen.ac.uk:norm+mta=kc.aberdeen.ac.uk
kc.aberdeen.ac:norm+mta=kc.aberdeen.ac.uk
kc.aberdeen:norm+mta=kc.aberdeen.ac.uk
kc.abdn.ac.uk:norm+mta=kc.aberdeen.ac.uk
kc.abdn.ac:norm+mta=kc.aberdeen.ac.uk
kc.abdn:norm+mta=kc.aberdeen.ac.uk
library.aberdeen.ac.uk:norm+mta=library.aberdeen.ac.uk
library.aberdeen.ac:norm+mta=library.aberdeen.ac.uk
library.aberdeen:norm+mta=library.aberdeen.ac.uk
lib.abdn.ac.uk:norm+mta=library.aberdeen.ac.uk
lib.abdn.ac:norm+mta=library.aberdeen.ac.uk
lib.abdn:norm+mta=library.aberdeen.ac.uk
maths.aberdeen.ac.uk:norm+mta=maths.aberdeen.ac.uk
maths.aberdeen.ac:norm+mta=maths.aberdeen.ac.uk
maths.aberdeen:norm+mta=maths.aberdeen.ac.uk
maths.abdn.ac.uk:norm+mta=maths.aberdeen.ac.uk
maths.abdn.ac:norm+mta=maths.aberdeen.ac.uk
maths.abdn:norm+mta=maths.aberdeen.ac.uk
sysa.aberdeen.ac.uk:norm+mta=sysa.aberdeen.ac.uk
sysa.aberdeen.ac:norm+mta=sysa.aberdeen.ac.uk
sysa.aberdeen:norm+mta=sysa.aberdeen.ac.uk
sysa.abdn.ac.uk:norm+mta=sysa.aberdeen.ac.uk
sysa.abdn.ac:norm+mta=sysa.aberdeen.ac.uk
sysa.abdn:norm+mta=sysa.aberdeen.ac.uk
sysb.aberdeen.ac.uk:norm+mta=sysb.aberdeen.ac.uk
sysb.aberdeen.ac:norm+mta=sysb.aberdeen.ac.uk
sysb.aberdeen:norm+mta=sysb.aberdeen.ac.uk
sysb.abdn.ac.uk:norm+mta=sysb.aberdeen.ac.uk
sysb.abdn.ac:norm+mta=sysb.aberdeen.ac.uk
sysb.abdn:norm+mta=sysb.aberdeen.ac.uk
mail.aberdeen.ac.uk:norm+mta=mail.aberdeen.ac.uk
mail.aberdeen.ac:norm+mta=mail.aberdeen.ac.uk
mail.aberdeen:norm+mta=mail.aberdeen.ac.uk
mail.abdn.ac.uk:norm+mta=mail.aberdeen.ac.uk
mail.abdn.ac:norm+mta=mail.aberdeen.ac.uk
mail.abdn:norm+mta=mail.aberdeen.ac.uk
sysc.aberdeen.ac.uk:norm+mta=sysc.aberdeen.ac.uk
sysc.aberdeen.ac:norm+mta=sysc.aberdeen.ac.uk
sysc.aberdeen:norm+mta=sysc.aberdeen.ac.uk
sysc.abdn.ac.uk:norm+mta=sysc.aberdeen.ac.uk
sysc.abdn.ac:norm+mta=sysc.aberdeen.ac.uk
sysc.abdn:norm+mta=sysc.aberdeen.ac.uk
aberystwyth.ac.uk:norm+mta=aberystwyth.ac.uk
aberystwyth.ac:norm+mta=aberystwyth.ac.uk
aberystwyth:norm+mta=aberystwyth.ac.uk
aber.ac.uk:norm+mta=aberystwyth.ac.uk
aber.ac:norm+mta=aberystwyth.ac.uk
aber:norm+mta=aberystwyth.ac.uk
test.aberystwyth.ac.uk:norm+mta=test.aberystwyth.ac.uk
test.aberystwyth.ac:norm+mta=test.aberystwyth.ac.uk
test.aberystwyth:norm+mta=test.aberystwyth.ac.uk
test.aber.ac.uk:norm+mta=test.aberystwyth.ac.uk
test.aber.ac:norm+mta=test.aberystwyth.ac.uk
test.aber:norm+mta=test.aberystwyth.ac.uk
deca.central.aberystwyth.ac.uk:norm+mta=deca.central.aberystwyth.ac.uk
deca.central.aberystwyth.ac:norm+mta=deca.central.aberystwyth.ac.uk
deca.central.aberystwyth:norm+mta=deca.central.aberystwyth.ac.uk
a.aber.ac.uk:norm+mta=deca.central.aberystwyth.ac.uk
a.aber.ac:norm+mta=deca.central.aberystwyth.ac.uk
a.aber:norm+mta=deca.central.aberystwyth.ac.uk
decb.central.aberystwyth.ac.uk:norm+mta=decb.central.aberystwyth.ac.uk
decb.central.aberystwyth.ac:norm+mta=decb.central.aberystwyth.ac.uk
decb.central.aberystwyth:norm+mta=decb.central.aberystwyth.ac.uk
b.aber.ac.uk:norm+mta=decb.central.aberystwyth.ac.uk
b.aber.ac:norm+mta=decb.central.aberystwyth.ac.uk
b.aber:norm+mta=decb.central.aberystwyth.ac.uk
info.central.aberystwyth.ac.uk:norm+mta=info.central.aberystwyth.ac.uk
info.central.aberystwyth.ac:norm+mta=info.central.aberystwyth.ac.uk
info.central.aberystwyth:norm+mta=info.central.aberystwyth.ac.uk
info.aber.ac.uk:norm+mta=info.central.aberystwyth.ac.uk
info.aber.ac:norm+mta=info.central.aberystwyth.ac.uk
info.aber:norm+mta=info.central.aberystwyth.ac.uk
vax.central.aberystwyth.ac.uk:norm+mta=vax.central.aberystwyth.ac.uk
vax.central.aberystwyth.ac:norm+mta=vax.central.aberystwyth.ac.uk
vax.central.aberystwyth:norm+mta=vax.central.aberystwyth.ac.uk
v.aber.ac.uk:norm+mta=vax.central.aberystwyth.ac.uk
v.aber.ac:norm+mta=vax.central.aberystwyth.ac.uk
v.aber:norm+mta=vax.central.aberystwyth.ac.uk
compsci.aberystwyth.ac.uk:norm+mta=compsci.aberystwyth.ac.uk
compsci.aberystwyth.ac:norm+mta=compsci.aberystwyth.ac.uk
compsci.aberystwyth:norm+mta=compsci.aberystwyth.ac.uk
cs.aber.ac.uk:norm+mta=compsci.aberystwyth.ac.uk
cs.aber.ac:norm+mta=compsci.aberystwyth.ac.uk
cs.aber:norm+mta=compsci.aberystwyth.ac.uk
library.aberystwyth.ac.uk:norm+mta=library.aberystwyth.ac.uk
library.aberystwyth.ac:norm+mta=library.aberystwyth.ac.uk
library.aberystwyth:norm+mta=library.aberystwyth.ac.uk
lib.aber.ac.uk:norm+mta=library.aberystwyth.ac.uk
lib.aber.ac:norm+mta=library.aberystwyth.ac.uk
lib.aber:norm+mta=library.aberystwyth.ac.uk
netman.central.aberystwyth.ac.uk:norm+mta=netman.central.aberystwyth.ac.uk
netman.central.aberystwyth.ac:norm+mta=netman.central.aberystwyth.ac.uk
netman.central.aberystwyth:norm+mta=netman.central.aberystwyth.ac.uk
netman.aber.ac.uk:norm+mta=netman.central.aberystwyth.ac.uk
netman.aber.ac:norm+mta=netman.central.aberystwyth.ac.uk
netman.aber:norm+mta=netman.central.aberystwyth.ac.uk
arcc.afrc.ac.uk:norm+mta=arcc.afrc.ac.uk
arcc.afrc.ac:norm+mta=arcc.afrc.ac.uk
arcc.afrc:norm+mta=arcc.afrc.ac.uk
arcc.afrc.ac.uk:norm+mta=arcc.afrc.ac.uk
arcc.afrc.ac:norm+mta=arcc.afrc.ac.uk
arcc.afrc:norm+mta=arcc.afrc.ac.uk
arcb.afrc.ac.uk:norm+mta=arcb.afrc.ac.uk
arcb.afrc.ac:norm+mta=arcb.afrc.ac.uk
arcb.afrc:norm+mta=arcb.afrc.ac.uk
arcb.afrc.ac.uk:norm+mta=arcb.afrc.ac.uk
arcb.afrc.ac:norm+mta=arcb.afrc.ac.uk
arcb.afrc:norm+mta=arcb.afrc.ac.uk
arcd.afrc.ac.uk:norm+mta=arcd.afrc.ac.uk
arcd.afrc.ac:norm+mta=arcd.afrc.ac.uk
arcd.afrc:norm+mta=arcd.afrc.ac.uk
arcd.afrc.ac.uk:norm+mta=arcd.afrc.ac.uk
arcd.afrc.ac:norm+mta=arcd.afrc.ac.uk
arcd.afrc:norm+mta=arcd.afrc.ac.uk
afrcco.afrc.ac.uk:norm+mta=afrcco.afrc.ac.uk
afrcco.afrc.ac:norm+mta=afrcco.afrc.ac.uk
afrcco.afrc:norm+mta=afrcco.afrc.ac.uk
afrcco.afrc.ac.uk:norm+mta=afrcco.afrc.ac.uk
afrcco.afrc.ac:norm+mta=afrcco.afrc.ac.uk
afrcco.afrc:norm+mta=afrcco.afrc.ac.uk
agri.afrc.ac.uk:norm+mta=agri.afrc.ac.uk
agri.afrc.ac:norm+mta=agri.afrc.ac.uk
agri.afrc:norm+mta=agri.afrc.ac.uk
agri.afrc.ac.uk:norm+mta=agri.afrc.ac.uk
agri.afrc.ac:norm+mta=agri.afrc.ac.uk
agri.afrc:norm+mta=agri.afrc.ac.uk
lars.afrc.ac.uk:norm+mta=lars.afrc.ac.uk
lars.afrc.ac:norm+mta=lars.afrc.ac.uk
lars.afrc:norm+mta=lars.afrc.ac.uk
lars.afrc.ac.uk:norm+mta=lars.afrc.ac.uk
lars.afrc.ac:norm+mta=lars.afrc.ac.uk
lars.afrc:norm+mta=lars.afrc.ac.uk
nvrs.afrc.ac.uk:norm+mta=nvrs.afrc.ac.uk
nvrs.afrc.ac:norm+mta=nvrs.afrc.ac.uk
nvrs.afrc:norm+mta=nvrs.afrc.ac.uk
nvrs.afrc.ac.uk:norm+mta=nvrs.afrc.ac.uk
nvrs.afrc.ac:norm+mta=nvrs.afrc.ac.uk
nvrs.afrc:norm+mta=nvrs.afrc.ac.uk
frir.afrc.ac.uk:norm+mta=frir.afrc.ac.uk
frir.afrc.ac:norm+mta=frir.afrc.ac.uk
frir.afrc:norm+mta=frir.afrc.ac.uk
frir.afrc.ac.uk:norm+mta=frir.afrc.ac.uk
frir.afrc.ac:norm+mta=frir.afrc.ac.uk
frir.afrc:norm+mta=frir.afrc.ac.uk
frira.afrc.ac.uk:norm+mta=frira.afrc.ac.uk
frira.afrc.ac:norm+mta=frira.afrc.ac.uk
frira.afrc:norm+mta=frira.afrc.ac.uk
frira.afrc.ac.uk:norm+mta=frira.afrc.ac.uk
frira.afrc.ac:norm+mta=frira.afrc.ac.uk
frira.afrc:norm+mta=frira.afrc.ac.uk
resa.afrc.ac.uk:norm+mta=resa.afrc.ac.uk
resa.afrc.ac:norm+mta=resa.afrc.ac.uk
resa.afrc:norm+mta=resa.afrc.ac.uk
resa.afrc.ac.uk:norm+mta=resa.afrc.ac.uk
resa.afrc.ac:norm+mta=resa.afrc.ac.uk
resa.afrc:norm+mta=resa.afrc.ac.uk
jii.afrc.ac.uk:norm+mta=jii.afrc.ac.uk
jii.afrc.ac:norm+mta=jii.afrc.ac.uk
jii.afrc:norm+mta=jii.afrc.ac.uk
jii.afrc.ac.uk:norm+mta=jii.afrc.ac.uk
jii.afrc.ac:norm+mta=jii.afrc.ac.uk
jii.afrc:norm+mta=jii.afrc.ac.uk
frin.afrc.ac.uk:norm+mta=frin.afrc.ac.uk
frin.afrc.ac:norm+mta=frin.afrc.ac.uk
frin.afrc:norm+mta=frin.afrc.ac.uk
frin.afrc.ac.uk:norm+mta=frin.afrc.ac.uk
frin.afrc.ac:norm+mta=frin.afrc.ac.uk
frin.afrc:norm+mta=frin.afrc.ac.uk
frind.afrc.ac.uk:norm+mta=frind.afrc.ac.uk
frind.afrc.ac:norm+mta=frind.afrc.ac.uk
frind.afrc:norm+mta=frind.afrc.ac.uk
frind.afrc.ac.uk:norm+mta=frind.afrc.ac.uk
frind.afrc.ac:norm+mta=frind.afrc.ac.uk
frind.afrc:norm+mta=frind.afrc.ac.uk
nfl.afrc.ac.uk:norm+mta=nfl.afrc.ac.uk
nfl.afrc.ac:norm+mta=nfl.afrc.ac.uk
nfl.afrc:norm+mta=nfl.afrc.ac.uk
nfl.afrc.ac.uk:norm+mta=nfl.afrc.ac.uk
nfl.afrc.ac:norm+mta=nfl.afrc.ac.uk
nfl.afrc:norm+mta=nfl.afrc.ac.uk
niaea.afrc.ac.uk:norm+mta=niaea.afrc.ac.uk
niaea.afrc.ac:norm+mta=niaea.afrc.ac.uk
niaea.afrc:norm+mta=niaea.afrc.ac.uk
niaea.afrc.ac.uk:norm+mta=niaea.afrc.ac.uk
niaea.afrc.ac:norm+mta=niaea.afrc.ac.uk
niaea.afrc:norm+mta=niaea.afrc.ac.uk
emrs.afrc.ac.uk:norm+mta=emrs.afrc.ac.uk
emrs.afrc.ac:norm+mta=emrs.afrc.ac.uk
emrs.afrc:norm+mta=emrs.afrc.ac.uk
emrs.afrc.ac.uk:norm+mta=emrs.afrc.ac.uk
emrs.afrc.ac:norm+mta=emrs.afrc.ac.uk
emrs.afrc:norm+mta=emrs.afrc.ac.uk
avri.afrc.ac.uk:norm+mta=avri.afrc.ac.uk
avri.afrc.ac:norm+mta=avri.afrc.ac.uk
avri.afrc:norm+mta=avri.afrc.ac.uk
avri.afrc.ac.uk:norm+mta=avri.afrc.ac.uk
avri.afrc.ac:norm+mta=avri.afrc.ac.uk
avri.afrc:norm+mta=avri.afrc.ac.uk
gcri.afrc.ac.uk:norm+mta=gcri.afrc.ac.uk
gcri.afrc.ac:norm+mta=gcri.afrc.ac.uk
gcri.afrc:norm+mta=gcri.afrc.ac.uk
gcri.afrc.ac.uk:norm+mta=gcri.afrc.ac.uk
gcri.afrc.ac:norm+mta=gcri.afrc.ac.uk
gcri.afrc:norm+mta=gcri.afrc.ac.uk
iapc.afrc.ac.uk:norm+mta=iapc.afrc.ac.uk
iapc.afrc.ac:norm+mta=iapc.afrc.ac.uk
iapc.afrc:norm+mta=iapc.afrc.ac.uk
iapc.afrc.ac.uk:norm+mta=iapc.afrc.ac.uk
iapc.afrc.ac:norm+mta=iapc.afrc.ac.uk
iapc.afrc:norm+mta=iapc.afrc.ac.uk
irad.afrc.ac.uk:norm+mta=irad.afrc.ac.uk
irad.afrc.ac:norm+mta=irad.afrc.ac.uk
irad.afrc:norm+mta=irad.afrc.ac.uk
irad.afrc.ac.uk:norm+mta=irad.afrc.ac.uk
irad.afrc.ac:norm+mta=irad.afrc.ac.uk
irad.afrc:norm+mta=irad.afrc.ac.uk
wpbs.afrc.ac.uk:norm+mta=wpbs.afrc.ac.uk
wpbs.afrc.ac:norm+mta=wpbs.afrc.ac.uk
wpbs.afrc:norm+mta=wpbs.afrc.ac.uk
wpbs.afrc.ac.uk:norm+mta=wpbs.afrc.ac.uk
wpbs.afrc.ac:norm+mta=wpbs.afrc.ac.uk
wpbs.afrc:norm+mta=wpbs.afrc.ac.uk
nw.afrc.ac.uk:norm+mta=nw.afrc.ac.uk
nw.afrc.ac:norm+mta=nw.afrc.ac.uk
nw.afrc:norm+mta=nw.afrc.ac.uk
nw.afrc.ac.uk:norm+mta=nw.afrc.ac.uk
nw.afrc.ac:norm+mta=nw.afrc.ac.uk
nw.afrc:norm+mta=nw.afrc.ac.uk
iape.afrc.ac.uk:norm+mta=iape.afrc.ac.uk
iape.afrc.ac:norm+mta=iape.afrc.ac.uk
iape.afrc:norm+mta=iape.afrc.ac.uk
iape.afrc.ac.uk:norm+mta=iape.afrc.ac.uk
iape.afrc.ac:norm+mta=iape.afrc.ac.uk
iape.afrc:norm+mta=iape.afrc.ac.uk
iapep.afrc.ac.uk:norm+mta=iapep.afrc.ac.uk
iapep.afrc.ac:norm+mta=iapep.afrc.ac.uk
iapep.afrc:norm+mta=iapep.afrc.ac.uk
iapep.afrc.ac.uk:norm+mta=iapep.afrc.ac.uk
iapep.afrc.ac:norm+mta=iapep.afrc.ac.uk
